{"cameraMode":{"drawMode":0,"name":"Shaded","section":"Shading Mode"},"sceneLighting":true,"audioPlay":false,"sceneViewState":{"showFog":false,"showMaterialUpdate":false,"showSkybox":false,"showFlares":false,"showImageEffects":false,"showParticleSystems":false},"in2DMode":false,"pivot":{"x":51.31207275390625,"y":4.396592140197754,"z":50.04472732543945},"rotation":{"x":0.2426290363073349,"y":-0.17605774104595185,"z":0.04482630640268326,"w":0.9529561996459961},"size":38.460533142089847,"orthographic":false}