{"cameraMode":{"drawMode":0,"name":"Shaded","section":"Shading Mode"},"sceneLighting":false,"audioPlay":false,"sceneViewState":{"showFog":false,"showMaterialUpdate":false,"showSkybox":false,"showFlares":false,"showImageEffects":false,"showParticleSystems":false},"in2DMode":false,"pivot":{"x":0.4869999885559082,"y":1.1820000410079957,"z":-0.49000000953674319},"rotation":{"x":0.0023930571042001249,"y":0.9963063597679138,"z":0.029589280486106874,"w":-0.08057598024606705},"size":1.2124974727630616,"orthographic":false}