{"cameraMode":{"drawMode":0,"name":"Shaded","section":"Shading Mode"},"sceneLighting":false,"audioPlay":false,"sceneViewState":{"showFog":true,"showMaterialUpdate":false,"showSkybox":false,"showFlares":true,"showImageEffects":true,"showParticleSystems":true},"in2DMode":false,"pivot":{"x":56.209999084472659,"y":0.44999998807907107,"z":43.9900016784668},"rotation":{"x":-0.46856212615966799,"y":0.5243200063705444,"z":-0.4396686851978302,"w":-0.5587751269340515},"size":2.020829200744629,"orthographic":false}